Image,YOLO_iou_value,YOLO_diceCoef,YOLO_predIOU,Detectron_iou_value,Detectron_diceCoef,Detectron_predIOU,SAM_iou_value,SAM_diceCoef,SAM_predIOU,SAMlang_iou_value,SAMlang_diceCoef,SAM Lang_predIOU,SAM Area,SAM Count,SAM Lang Area,SAM Lang Count,Ground Truth Area,Ground Truth Count,YOLO Area,YOLO Count,Detectron Area,Detectron Count
image_2023-07-24_19-41-44-756040_1.png,0.3710691823899371,0.03511556393214959,0.40752110514198003,0.44113372093023256,0.0401136664023262,0.45845921450151056,0.029241164862763857,0.02149781285032862,0.029541472844801547,0.39204545454545453,0.032204293905854116,0.45738636363636365,19515,9,869.5,1,433.0,2,1080.5,2,1641.5,7
image_2023-07-24_19-40-14-274671_1.png,0.2134502923976608,0.02087232903674102,0.4009964230965764,0.5170022796352584,0.036419354514949466,0.9141753443063487,0.39138224491624113,0.029276170309714945,0.7922030825022666,0.4335988145952954,0.031379014530052006,0.8570382573677466,5515,9,4673.0,7,9008.5,8,6772.0,8,5956.0,9
image_2023-07-24_19-40-46-845148_2.png,0.3491912464319695,0.056137667304015294,0.558599695585997,0.6268817204301075,0.0885345482156416,0.7752659574468085,0.004493948892743744,0.008005276615737687,0.004508492860704872,0.01962457337883959,0.02445890153884649,0.019995908765469982,113550,8,33685.0,4,672.0,2,577.0,2,728.0,4
image_2023-07-24_19-39-36-348966_1.png,0.5312780604609398,0.03786626275986389,0.789942145082332,0.41375,0.028424521516976352,0.8,0.004161657538922778,0.007328716729677775,0.00416205906145865,0.017356656117241184,0.02104926478851324,0.017410516380900628,675152,5,356449.5,6,2405.5,4,1891.5,4,1292.0,4
image_2023-07-24_19-41-34-388831_2.png,0.6226912928759895,0.018560025166135818,0.6519337016574586,0.39297658862876256,0.01832430114234473,0.4051724137931034,0.0,0.0,0.0,0.0008223817866813156,0.0015208348361345548,0.0008223817866813156,28579,11,334990.5,6,206.0,1,380.5,2,625.5,3
image_2023-07-24_19-39-20-434085_1.png,0.25318011429976034,0.019592038594413892,0.4196374006926054,0.5721726847355876,0.03101001449781576,0.8960320752108392,0.04718335958491615,0.016608099403999967,0.051025136831030896,0.07399428051141974,0.023846177689152467,0.07885314455954301,79844,12,73140.5,9,9421.5,10,10358.0,10,7732.5,16
image_2023-07-24_19-40-19-305837_1.png,0.5062539086929331,0.028815520156625436,0.6541414141414141,0.6425580510087552,0.030178424571816784,0.8555499239736442,0.010879478827361563,0.0027139026570244577,0.01267552182163188,0.11213094691754627,0.012767476899227507,0.1487418831168831,13175,8,4607.5,3,2093.5,4,2211.0,3,1737.0,4
image_2023-07-24_19-39-10-021803_1.png,0.38410041841004183,0.02576422645576299,0.5154986522911051,0.6794359576968273,0.03266113088177145,0.8686899038461539,0.03890367413321505,0.018620326673949677,0.040175589273785665,0.26520452099031216,0.0219870933196495,0.3529095792300806,83836,14,4874.0,5,3211.5,5,3837.0,6,3800.0,6
image_2023-07-24_19-38-53-265463_2.png,0.4948529411764706,0.04548219233628438,0.5660218671152228,0.38258575197889183,0.034529681918693655,0.5126262626262627,0.06826031630612615,0.02245981308411215,0.07461500248385494,0.004796193537526244,0.0081299718681437,0.0047989067391269805,10593,14,320324.0,5,1275.5,5,1986.5,4,1642.0,9
image_2023-07-24_19-40-13-888232_2.png,0.3115423901940756,0.032709177873581706,0.4293355855855856,0.5422674582979926,0.04156868694530835,0.7413993042133745,0.03437377563014235,0.020818337855046786,0.035826096425557404,0.1104729225719827,0.029121154621336506,0.1232215658540644,51980,12,11123.5,7,2293.0,6,3482.5,7,2082.5,9
image_2023-07-24_19-38-36-841925_1.png,0.5666666666666667,0.041828724008760754,0.6578171091445427,0.5716262975778547,0.036738460854191454,0.7567567567567568,0.032153185372781876,0.01626135871916919,0.03379496402877698,0.13747087481465792,0.007368636177846406,0.995398773006135,73404,10,526.5,1,4157.5,7,7865.0,7,4645.0,8
image_2023-07-24_19-39-52-823991_1.png,0.1499421072944809,0.016189776687346658,0.24907837794518353,0.4025004341031429,0.024642272447005294,0.9666388657214345,0.3248078452160085,0.025792940879338287,0.5676238999536822,0.36082474226804123,0.027987184815374013,0.6110728233402252,4318,9,5328.0,7,4487.0,9,5175.5,9,3020.0,16
image_2023-07-24_19-41-34-787112_2.png,0.45545565999182674,0.028380262412385966,0.6240201567749161,0.4538310412573674,0.02654867256637168,0.6687037632679318,0.08615601744931999,0.016094529897117245,0.10037369207772795,0.22901007516392133,0.01816763192783695,0.3463957426221577,13396,13,4412.0,3,3228.0,3,3283.0,2,3731.5,4
image_2023-07-24_19-39-04-705767_2.png,0.4155663655316192,0.0512710592875209,0.47955092221331197,0.7425837320574162,0.06715416901042794,0.7526673132880698,0.0023565980270203353,0.0044219429121572645,0.0023565980270203353,0.03072812291249165,0.023538107286010745,0.03161029243338169,388335,10,12782.5,4,685.0,1,1139.5,1,919.5,2
image_2023-07-24_19-41-44-756040_2.png,0.2945205479452055,0.04389994895354773,0.33076923076923076,0.14622641509433962,0.0475095785440613,0.14932562620423892,0.005995443462968144,0.00984284261294662,0.006001920614596671,7.210346847726487e-05,0.00014193246971368082,7.213662677110447e-05,27340,12,340795.0,3,95.5,1,321.0,1,1343.0,4
image_2023-07-24_19-39-25-629936_1.png,0.611996644295302,0.05154930572730806,0.9251743817374762,0.4288079470198676,0.045376502330144716,0.632015617374329,0.021136298039563954,0.01927984122483697,0.021771445559951516,0.0581523924406916,0.03134821718868538,0.061585138659711505,55226,10,26391.0,6,2093.0,2,1387.5,2,1714.0,6
image_2023-07-24_19-39-04-705767_1.png,0.7915129151291513,0.08847184986595175,0.9387308533916849,0.40777439024390244,0.05543754209626444,0.6532356532356532,0.0030310088718927,0.005748749451268444,0.0030310088718927,0.01278667637422643,0.014152250006295485,0.013236610297234915,392965,13,28659.0,8,950.5,1,846.5,1,704.5,4
image_2023-07-24_19-40-30-311483_1.png,0.48595575441213024,0.040142500744330255,0.6846836329675461,0.5994188861985472,0.04256694716787774,0.8660789252728799,0.17774701969013706,0.026482356736836153,0.23403880070546737,0.16797631249288236,0.020014451112158948,0.2647164393395549,28040,18,10428.5,9,8365.0,9,8271.5,10,7870.0,15
image_2023-07-24_19-40-03-820725_1.png,0.5086189413911986,0.032999565795186904,0.6514285714285715,0.4527208773018829,0.028868482161705723,0.6375291375291375,0.02510919755397479,0.010838531734488293,0.026839549650498905,0.028412195388482133,0.011415587765563343,0.030538834238731462,64495,10,59457.0,6,2987.5,7,3251.5,7,3394.5,15
image_2023-07-24_19-39-25-855174_1.png,0.16756570641570068,0.01233321647751511,0.2777777777777778,0.4843640196767393,0.02346033569468377,0.7805775764439411,0.4538435716683451,0.022988505747126436,0.7220293724966622,0.40232773442666314,0.02565043066921316,0.5349982412944073,3745,8,7101.5,8,4238.0,7,4544.0,7,2916.5,7
image_2023-07-24_19-38-25-953468_1.png,0.4557486844203476,0.035698895182897504,0.7772640739733478,0.5844795381219222,0.04293938959200095,0.8873420984789895,0.007890659975477263,0.012725057869365335,0.00789458292159597,0.2444708462803875,0.03250205036299019,0.32761788120024493,658501,13,7041.0,6,4830.5,8,3621.5,7,3571.0,13
image_2023-07-24_19-38-31-943988_1.png,0.23549974106680477,0.024448760424997145,0.3995168021084999,0.5808709882716611,0.04318292419162972,0.8624460043196545,0.12377411704377925,0.013045181862400692,0.2556938559322034,0.3835333464489475,0.026652448381815633,0.954467564259486,7552,8,5401.5,6,9052.5,8,8133.5,7,9413.0,11
image_2023-07-24_19-39-46-968968_1.png,0.20805951642901427,0.028756758609461624,0.3242512077294686,0.5342177493138152,0.05062226634126465,0.7649679025284947,0.05287556294526355,0.03102678499316726,0.0555253633662107,0.3845648604269294,0.04059206877426511,0.6061076604554866,86483,16,8821.5,9,7855.0,11,9064.5,11,8282.5,17
image_2023-07-24_19-39-09-660775_1.png,0.5421894218942189,0.060500418616780356,0.7259552042160737,0.6874625074985004,0.06347623795280824,0.9577935645633097,0.058781458137767646,0.02913288138597191,0.06429374663863492,0.41714806932198234,0.03851174018610265,0.9607843137254902,26125,11,1046.0,4,2740.5,6,3150.5,7,3041.5,8
image_2023-07-24_19-41-39-762521_1.png,0.43889427740058196,0.02796532917200995,0.7211155378486056,0.44075829383886256,0.028705475646644853,0.7003012048192772,0.020014295925661188,0.011972678886900944,0.02094405732057793,0.15281093987410463,0.020993931441692634,0.19560989163656572,31037,9,3456.5,4,1475.0,4,1048.5,3,1055.5,5
image_2023-07-24_19-40-24-305327_1.png,0.47739463601532567,0.030712180800368086,0.5530131176644639,0.4661393015628015,0.026624203119748304,0.6051346274264245,0.10932916096225308,0.014861487743925135,0.1321700477609117,0.15528389024721542,0.015488709987725007,0.20341637010676156,33285,15,13512.5,10,6127.0,9,10051.5,8,12688.0,22
image_2023-07-24_19-39-58-393753_1.png,0.20698254364089774,0.029687919163015292,0.2455621301775148,0.18732193732193733,0.04426864164282107,0.19127272727272726,0.006208085840199272,0.008883527089273964,0.006239168110918544,0.0008633102033213791,0.001674599988530137,0.0008633102033213791,30966,10,408065.0,7,224.0,2,609.5,2,1631.5,7
image_2023-07-24_19-39-09-446728_2.png,0.5992141453831041,0.04099737885610592,0.8640226628895185,0.22559293987865417,0.050224105114508505,0.23225440090857466,0.0,0.0,0.0,0.0,0.0,0.0,23539,12,23960.5,4,403.0,1,486.5,2,1754.5,8
image_2023-07-24_19-41-08-010404_2.png,0.5307663964627856,0.02995736716231673,0.8092696629213483,0.5551540509699505,0.030373345542329143,0.8515169194865811,0.0657211272794253,0.016754320060105184,0.07377998345740282,0.11807308970099668,0.017694092343844905,0.14712700778274548,27565,19,12315.5,6,4286.0,7,3204.5,6,3957.0,8
image_2023-07-24_19-39-42-260682_1.png,0.1885875529079793,0.019016981706232686,0.2798650692101896,0.5992857142857143,0.04006255297305686,0.7330712101354303,0.23726937269372694,0.02990802004721095,0.28470223599734334,0.3971265012908295,0.02826781719399169,0.6017006802721089,13551,12,5001.0,6,5472.5,8,7425.5,9,7044.5,11
image_2023-07-24_19-39-42-102962_1.png,0.32732464751026236,0.019081904444814383,0.3846476510067114,0.5388086642599278,0.024926020448104713,0.5752830643218502,0.1692192753081808,0.01836731590871079,0.1839407166785098,0.6480324797001874,0.021834750399865308,0.7956288343558282,9852,7,4346.5,3,2289.5,1,4351.0,1,5873.0,3
image_2023-07-24_19-38-58-726948_2.png,0.6318840579710145,0.04014622063847224,0.7299514481834923,0.557229360508049,0.03485611344634856,0.7177097203728362,0.04855374039795433,0.01827832946201693,0.05170323007386176,0.2055284876205628,0.01895721557298115,0.3023255813953488,48713,17,6219.5,4,4882.0,5,5505.0,4,6731.0,9
image_2023-07-24_19-41-12-674257_1.png,0.09771986970684039,0.008743249027768922,0.16597510373443983,0.5421795256679676,0.032973051924340906,0.6848691695108078,0.01434983954178007,0.013833411654135338,0.01451001735451474,0.44587227414330216,0.02118017018128006,0.9439406430338005,101396,8,992.5,2,2057.0,5,2449.5,5,2781.5,9
image_2023-07-24_19-41-39-391320_1.png,0.6346381969157769,0.06363366042224204,0.6969170646982197,0.5414059624585941,0.05825857937780946,0.6240984302078914,0.032123845071284345,0.026234587180031733,0.032910202162670425,0.12438291478858124,0.0408184827780517,0.1340504279435577,58672,11,8067.5,5,1611.5,2,2071.5,2,2113.0,7
image_2023-07-24_19-38-37-276992_2.png,0.39226519337016574,0.029009193054136875,0.4423676012461059,0.24258760107816713,0.03526645768025078,0.2435723951285521,0.0,0.0,0.0,0.0004733567757641331,0.0009188045540203949,0.0004734116555881898,16996,9,338881.5,6,135.5,1,278.0,1,930.0,7
image_2023-07-24_19-39-41-749965_1.png,0.5749385749385749,0.03402924842987375,0.9039111540318686,0.5258143822987092,0.03114873475332241,0.8967505241090147,0.08990536277602523,0.016614941444762606,0.11150747986191024,0.11016316519142583,0.017917696543948657,0.14048687610499117,8690,6,6928.5,4,2883.5,1,1883.0,1,1714.0,2
image_2023-07-24_19-41-12-836668_1.png,0.5189758253184299,0.03208272570595254,0.6682845188284519,0.5234561357010337,0.031761603036248434,0.6829183955739973,0.09623532260016947,0.012453787831317752,0.1282258064516129,0.11219853198182454,0.010273643783005281,0.1830102622576967,12400,10,7063.5,7,4964.5,7,5284.0,8,6964.5,11
image_2023-07-24_19-39-47-129492_2.png,0.47620313746344056,0.02053122098288492,0.6899075500770416,0.5086227835802769,0.023914346895074948,0.6433179723502304,0.113163646619192,0.017379346190079154,0.1250779301745636,0.007298524369980199,0.009636021025488446,0.0073100999157337185,15758,15,340485.0,6,2595.0,4,2254.5,4,3565.0,9
image_2023-07-24_19-40-19-460531_1.png,0.5615272645840331,0.04114669226540642,0.7288184856852201,0.4811601093545703,0.0334162962229184,0.7501853224610823,0.3592039800995025,0.026839040105737063,0.621342512908778,0.30853530031612225,0.02417497130873453,0.5469830001868111,6972,13,4412.5,7,6045.0,14,6094.5,14,5564.5,16
image_2023-07-24_19-40-30-155102_1.png,0.20336112558624284,0.021433916667238786,0.47927540681608843,0.47788335517693314,0.04011248547520988,0.9592239394935876,0.01804896878791221,0.020390427152348824,0.0183224824080657,0.45104253544620515,0.03726596792976798,0.9944832659065833,178655,9,2289.5,3,5507.5,6,2805.5,5,3738.5,11
image_2023-07-24_19-39-26-397195_1.png,0.17345764272559852,0.01388006226225673,0.25542372881355935,0.5831159150204994,0.02904672168431997,0.745,0.17823012974904826,0.0206558735075366,0.21103955841766328,0.001367939418789029,0.0015613190454004246,0.0013876670629676935,10870,10,275831.0,2,3354.0,9,4984.5,9,3595.5,14
image_2023-07-24_19-39-41-911129_1.png,0.0,0.0,0.0,0.0,0.0,0.0,0.0,0.0,0.0,0.0,0.0,0.0,30806,8,355243.5,6,0.0,0,41.5,1,86.0,1
image_2023-07-24_19-41-07-439885_1.png,0.38142995794241347,0.03688601522577954,0.5800262381108561,0.6109708193041526,0.04573306800102912,0.9128065395095368,0.02657869231342727,0.022515907978463045,0.02721727247047327,0.5656622284512964,0.04245270614964684,0.9051356806458847,130983,8,3795.5,6,6043.5,7,5396.5,6,4130.5,6
image_2023-07-24_19-38-37-087957_1.png,0.5112359550561798,0.05089078852760246,0.7693236714975845,0.41964285714285715,0.03799361383937593,0.8785046728971962,0.0023191118737487977,0.004131312757049168,0.002326479087769814,0.01063761062899718,0.014097368871639747,0.010767688216574393,381296,4,44761.0,2,964.5,1,690.5,3,436.5,2
image_2023-07-24_19-38-42-984229_1.png,0.0934701188731477,0.008709572183993505,0.23286004056795132,0.4485981308411215,0.0313299281263519,0.8546583850931677,0.06632281553398059,0.015322394106555826,0.08203857989942205,0.2953695042095416,0.019336614791055858,0.9798293250581847,13323,9,1280.5,3,3632.5,5,2155.0,5,2936.5,9
image_2023-07-24_19-40-08-690464_1.png,0.06157354618015964,0.004262120404901438,0.18430034129692832,0.545724907063197,0.028843131090851935,0.9140722291407223,0.010128812066497853,0.00547888099810919,0.010776619421342393,0.01229035105588375,0.005680659081992939,0.013277582159624414,19989,10,13705.5,3,1000.5,3,398.0,2,976.0,4
image_2023-07-24_19-40-40-893108_2.png,0.37106549364613883,0.029042722487452564,0.48087154801114773,0.5043457267020763,0.032157756192176846,0.6600315955766193,0.05503955968352253,0.01903578463124777,0.058686881036801565,0.007722547974413646,0.010878313532894228,0.007741840674388468,27965,17,329290.5,5,2479.5,7,4407.5,10,3590.5,13
image_2023-07-24_19-40-24-305327_2.png,0.34715839031498713,0.02546571338121688,0.5159087123105114,0.4764079147640791,0.02846854444954337,0.7396348012889367,0.0597500542272204,0.024300619221308,0.062279343988591106,0.06867185450730087,0.02686754035775495,0.07127429805615551,64431,13,58526.5,10,5369.5,7,5342.5,7,4070.0,8
image_2023-07-24_19-38-20-341651_1.png,0.8130412633723892,0.06029011786038078,0.8730853391684902,0.7799539170506913,0.05160552644116246,0.9963208241353937,0.03574931880108992,0.02526510385909056,0.03674658301590858,0.04230142934684277,0.02990190435994833,0.04317955158275773,31752,11,26637.5,2,1508.0,1,1616.0,1,1145.5,1
image_2023-07-24_19-40-52-148127_1.png,0.19105199516324062,0.018672444356903684,0.2955112219451372,0.5341819896275342,0.03595527012071038,0.7238460309854656,0.36326969615488036,0.0318776176337574,0.4793613246599645,0.39138194798572157,0.024561080687550252,0.7381582111084395,8455,12,3513.0,7,5569.5,14,6807.0,13,5430.5,16
image_2023-07-24_19-40-46-287243_1.png,0.2869154388212684,0.030918983289251706,0.46738846856248367,0.5571847507331378,0.04460229619228546,0.8648010788941335,0.012652490036810562,0.01887378975623813,0.012654164631929327,0.39057669758021535,0.03203623311955443,0.7896551724137931,660994,11,3796.5,6,7193.0,11,6537.5,11,6791.0,13
image_2023-07-24_19-39-04-313835_2.png,0.4735810389378954,0.03628679884209952,0.6422960725075528,0.43531142717018145,0.03049763090170046,0.6967032967032967,0.03483109507188073,0.013598057585319873,0.038166083236094904,0.0250498836309645,0.026495661364442074,0.025070773127843074,69041,18,321600.5,7,6935.0,11,7102.5,8,7758.0,25
image_2023-07-24_19-41-45-442867_1.png,0.045283018867924525,0.006778703572941675,0.07048458149779736,0.529287226534933,0.036294127610152674,0.8465011286681715,0.13387737097485664,0.049106059380309035,0.13487390289967782,0.748513674197384,0.05980571455715745,0.7584337349397591,9001,7,1384.5,2,1003.0,2,1741.0,2,629.0,3
image_2023-07-24_19-40-08-878660_2.png,0.6984077427411801,0.042993186819522786,0.8087490961677513,0.5184478371501272,0.031528961188429065,0.7761904761904762,0.007508272792970979,0.008543050656741609,0.007605881265026817,0.005945898657270679,0.0091232471539033,0.005958535125428524,133291,11,668875.5,5,2298.0,3,2762.0,4,1873.5,6
image_2023-07-24_19-40-13-706713_1.png,0.6676974978914816,0.04046754928521529,0.6745242828741834,0.7998595505617978,0.03908314174930515,0.8390423572744015,0.00320480540427598,0.005474886014773461,0.0032061500333848644,0.7346029173419774,0.03133235977775282,0.9695187165775401,665153,5,1595.5,2,2123.0,2,3188.5,2,2441.5,2
image_2023-07-24_19-38-58-939312_1.png,0.5836255526757128,0.04229670675719724,0.747072599531616,0.5183546378236644,0.03516691219390166,0.7903548225887056,0.25061842918985777,0.018141224001029608,0.5736022646850673,0.10253579314766009,0.02856476681367418,0.11204950572118004,2826,8,43524.0,10,4555.5,8,4452.0,8,4319.0,12
image_2023-07-24_19-39-52-349664_1.png,0.3344061795944641,0.039528999980977385,0.440440864773209,0.6132482642146744,0.06198609675369631,0.6506072068484969,0.04714447693501223,0.013812033953126503,0.05653760824447148,0.11415765884524123,0.00856814943802438,0.6641104294478528,13973,8,531.0,1,2970.5,4,4120.5,4,7694.0,9
image_2023-07-24_19-40-57-033167_1.png,0.5565419573028958,0.049537642399555985,0.7143244709712425,0.5191536748329622,0.04408093797276853,0.7416481069042317,0.03190115528253813,0.014225238124883272,0.03530729709892996,0.011691183983704197,0.01747820152410706,0.011696234254435138,31497,11,324690.5,5,3255.5,6,3292.5,7,3018.0,9
image_2023-07-24_19-40-41-103223_1.png,0.6862890105014051,0.05334621000471378,0.8518450523223793,0.42791182603515043,0.033379031508504506,0.7908064960088081,0.03102270571121371,0.010053289608526337,0.03681188787571766,0.034692050014924876,0.01079719644497662,0.041437230123202475,26670,8,26234.5,7,5239.0,5,6410.5,8,5739.0,16
image_2023-07-24_19-38-53-800239_1.png,0.00693507994606049,0.0009224264941387483,0.015145140933950358,0.4432815665091155,0.03405833754847412,0.9214035087719298,0.15859783045399758,0.03743347201972429,0.1818077144502015,0.5743034055727554,0.04761721407210607,0.8299776286353467,8685,7,2825.0,3,2567.0,2,2034.0,2,1494.5,5
image_2023-07-24_19-39-41-565909_1.png,0.08730593607305936,0.012394658368987423,0.1412947088383092,0.46728395061728395,0.03987831057143986,0.6932234432234432,0.008111719646923757,0.009668825888225232,0.008244228083934275,0.004583071887665983,0.007932853277071963,0.0045870391744178155,205276,5,481285.0,5,2049.0,4,2858.5,4,2502.5,6
image_2023-07-24_19-40-51-949894_1.png,0.6593604024434064,0.06632330351495437,0.742914979757085,0.6330434782608696,0.05962597260772626,0.7884476534296029,0.05715012506889388,0.02133434623997974,0.06531324192063569,0.14120135363790187,0.029045534836368698,0.18155118024583922,30386,12,8724.0,7,3914.0,4,4471.5,4,3595.5,9
image_2023-07-24_19-40-51-949894_2.png,0.32616801930247863,0.02799032479694309,0.5759101471727344,0.4693101575230853,0.03272262462718364,0.8879753340184995,0.025915492957746478,0.013954899383152999,0.027776979037869857,0.0005956939834907667,0.00012504130828934557,0.0008439836026042923,49499,7,9139.0,4,3122.0,4,2231.5,3,1728.0,8
image_2023-07-24_19-38-37-500204_1.png,0.4353620613060862,0.039610843670550955,0.5917874396135265,0.5094518956595205,0.039292186768209496,0.7516360236833904,0.21637259395050412,0.02991860902627879,0.28275190896840846,0.5002950548802078,0.034751028840320705,0.8763696506098821,14445,13,4053.5,7,6810.5,9,7231.0,9,6477.5,12
image_2023-07-24_19-39-15-361591_2.png,0.3452649379932356,0.021513307517364313,0.5634774609015639,0.544153577661431,0.02746313879542692,0.8542465753424657,0.021361087473544108,0.012557721908671113,0.022143810363936575,0.047033601680084004,0.01616043174660443,0.05039377461091318,61872,10,38834.0,6,2298.0,3,1898.0,3,1519.0,5
image_2023-07-24_19-40-51-427304_1.png,0.2785268414481898,0.021942787451990933,0.36891277387350146,0.43822805578342905,0.026462312752635334,0.5841443411700382,0.1901864659021273,0.02102065055164089,0.23106785790257392,0.09799437016185784,0.005588245621955685,0.272039072039072,18804,15,3535.5,3,7021.0,11,10979.0,10,9890.5,15
image_2023-07-24_19-39-20-804259_2.png,0.5633505846271804,0.03225700237070858,0.7487898089171975,0.4814738149451459,0.025669747551386398,0.7949419002050581,0.07506822350467499,0.030216539864043577,0.07656681344254067,0.06603308378535885,0.014890218753790789,0.07534912271727454,62960,10,18550.0,4,3744.0,5,3477.5,5,3628.0,9
image_2023-07-24_19-39-10-212718_1.png,0.18492784607161947,0.016789290761644236,0.2732477788746298,0.5273957651167868,0.029644899261331566,0.7564182842830307,0.031274086184748334,0.013379764480172668,0.03318381204926767,0.14605892722236213,0.007225163500467144,0.7754010695187166,40351,8,612.5,2,2980.5,8,5114.0,9,3071.0,14
image_2023-07-24_19-41-24-054209_1.png,0.1712052002810963,0.01614058624530544,0.3479114601927883,0.518262834191038,0.034370239651053416,0.9459335624284078,0.15335383070841438,0.019825512774233323,0.22948356807511738,0.344295623056685,0.02405069107100342,0.8202279202279202,10650,9,2887.0,4,7012.5,5,4883.5,5,3832.0,7
image_2023-07-24_19-39-57-881380_1.png,0.5812567713976164,0.04043106371754776,0.7299319727891157,0.3954659949622166,0.02398090692124105,0.81877444589309,0.439202657807309,0.0252651696129957,0.9218967921896792,0.42712294043092525,0.025719791646791702,0.8393524283935243,717,3,665.0,1,1192.0,3,1428.0,4,579.0,3
image_2023-07-24_19-38-43-137294_2.png,0.5818363273453094,0.03236156134819486,0.6161488057493131,0.6330783434450014,0.026903115156542503,0.8008008008008008,0.03708453193775344,0.01058619836754885,0.04003142654046167,0.009210941265373883,0.012106873661879576,0.009213627598028712,29655,13,389083.5,8,2739.5,3,4282.5,3,2927.5,4
image_2023-07-24_19-41-23-671579_1.png,0.5102811582039446,0.037744633960858566,0.5642691415313225,0.5928934010152285,0.03651597573938598,0.6894923258559622,0.0133905082605493,0.010246087262845352,0.013728187285918495,0.41325898389095417,0.021136021547967995,0.7968936678614098,46225,8,735.0,1,1257.0,3,1993.0,2,1524.0,4
image_2023-07-24_19-38-48-148395_1.png,0.7110799438990182,0.03967570782401828,0.8848167539267016,0.5795519816197587,0.03173305237997893,0.8909492273730685,0.010579683688202201,0.010473354553855632,0.010754592843767397,0.01407025933419165,0.012465543228820118,0.014342554787101076,118577,5,95499.5,2,2991.0,3,2532.5,3,1976.0,4
image_2023-07-24_19-38-42-627072_1.png,0.49468871856931557,0.03303373409594958,0.5407113462669019,0.521223577934353,0.027512949137782454,0.6680616740088106,0.5075034106412005,0.0237416860791116,0.7607361963190185,0.5062823355506282,0.024934251835943545,0.7135416666666666,3423,8,4347.0,7,3484.0,11,6390.5,11,3890.5,14
image_2023-07-24_19-38-53-060878_1.png,0.5183391003460207,0.045716448155472544,0.6231281198003328,0.5901431418735278,0.04029893220821321,0.8535115303983228,0.08459981917595902,0.02207145986139348,0.09712336892052195,0.4113291373565346,0.027690198766278273,0.8340840840840841,31964,15,2133.5,7,4281.0,7,6960.0,10,3357.5,13
image_2023-07-24_19-41-29-016786_1.png,0.24292589027911454,0.02316425142941052,0.31463475442533034,0.5544581618655693,0.03736710733105297,0.627639751552795,0.17922549186369563,0.027997484566397703,0.19873003897900163,0.48132593370331483,0.029867277228644292,0.6438603531300161,16299,12,6454.5,7,3764.5,8,6928.5,7,9201.5,18
image_2023-07-24_19-41-02-161439_1.png,0.46614384085692423,0.03470471796186326,0.765149136577708,0.4521214480342546,0.03312939431537814,0.7792687017779268,0.048310704136406694,0.023898648309410513,0.051,0.22700892857142857,0.01470992377453462,1.0,54116,11,804.0,1,3967.0,4,2918.0,5,3195.0,9
image_2023-07-24_19-40-34-969615_2.png,0.5735926687862353,0.034008815457544424,0.6151223425591656,0.5369052079430499,0.031817046432238906,0.6000837520938024,0.06176413064736945,0.015861774529747106,0.06657952437173216,0.20203914215399038,0.018923428170003514,0.2524527749304437,23747,15,7670.5,7,2945.5,4,4544.5,4,8264.0,14
image_2023-07-24_19-39-37-095312_2.png,0.44858490566037734,0.03346882753523729,0.5760145366444579,0.4357027835288705,0.0332990497288079,0.5568950308732725,0.10227766399801402,0.026309697709874916,0.11044836136988137,0.6053234115626789,0.03739226519337017,0.7638136511375948,14929,12,2345.0,3,2427.5,3,2857.5,3,3026.0,7
image_2023-07-24_19-39-20-998990_1.png,0.528782636049072,0.05248532534032722,0.6830556684274685,0.5369062901155327,0.05229350629053684,0.7,0.02775391883186601,0.021213302422912007,0.02880945083725725,0.0068909869970877925,0.011582499980513963,0.006894610511729189,38814,15,323367.5,6,2111.5,3,2187.0,3,2613.0,7
image_2023-07-24_19-40-30-507281_1.png,0.3210571923743501,0.027613191727221913,0.6073770491803279,0.5051401869158878,0.04015452620630734,0.7765804597701149,0.00872347639363716,0.012769609363690882,0.008760232092950673,0.0025832615760673313,0.002144957619788964,0.0027141397927914783,152597,10,42163.5,5,1583.0,3,980.0,4,1565.5,6
image_2023-07-24_19-39-15-152716_1.png,0.36868354192152064,0.04122062714690766,0.45659014100920636,0.6011852225444458,0.050655235241935055,0.7079435783221975,0.1336277016035324,0.028758052254631298,0.15602952349940302,0.017295513307026854,0.02203034587883711,0.01732126017529418,21461,16,330190.0,11,5012.0,11,9392.5,13,7257.0,18
image_2023-07-24_19-39-30-988443_1.png,0.5472091085809497,0.03947790199142525,0.6507595772787318,0.5512265512265512,0.031007594628461848,0.869911756333618,0.0465317660173785,0.019391500922911007,0.04922607139096557,0.05022533697180187,0.020303826136736387,0.053145063382515394,94970,13,89740.5,9,8905.0,12,11606.0,13,6672.0,14
image_2023-07-24_19-40-14-449047_2.png,0.20029347028613353,0.01533406352683461,0.3351749539594843,0.3599709407918634,0.02764835532740005,0.4716801523084246,0.008416073049313787,0.005850468897874903,0.008737365084803838,0.008369923161361141,0.005826893501580903,0.00868896359181813,50350,8,34594.0,6,1378.5,5,1378.5,5,2698.5,15
image_2023-07-24_19-40-08-690464_2.png,0.39153236121770274,0.027458702058281343,0.5034539473684211,0.31817601226210246,0.02240168349865554,0.4511863792791161,0.06110514381191073,0.008909926214673534,0.0788723715628129,0.013544992891794514,0.016105395326174547,0.013566460501930624,12983,13,334607.5,6,4051.5,5,5381.5,4,5912.5,18
image_2023-07-24_19-41-29-375804_1.png,0.5538998097653773,0.036485145930141495,0.799908424908425,0.3563327032136106,0.0237682438609211,0.7122166246851386,0.06445135070523547,0.023831622866336066,0.06896551724137931,0.07127862129570864,0.025884918489100853,0.07593883283054198,31018,11,25253.0,9,2280.0,5,1758.5,4,1380.0,9
image_2023-07-24_19-41-02-512298_1.png,0.11987728640889095,0.011744457393025346,0.19814389590508993,0.43941139969860826,0.028360719516660565,0.6750646874574424,0.253047052154195,0.02034682476147607,0.40634956759217117,0.5065153798422126,0.03262113751516449,0.7054320987654321,8788,10,12828.0,14,7651.5,10,9056.0,10,6370.0,12
image_2023-07-24_19-40-14-099111_1.png,0.6362720012405986,0.054039815345305595,0.809829270699694,0.5846931168723598,0.04679002157550931,0.8648615535407989,0.03873997487679969,0.03635822812131017,0.03888229406698787,0.2927976836771625,0.021799539892282248,0.9752863170584689,261050,10,4500.5,6,9811.0,10,9109.5,8,8618.5,11
image_2023-07-24_19-41-18-347247_1.png,0.6416382252559727,0.04321156139115944,0.8064343163538874,0.607397504456328,0.03929652587573879,0.8392857142857143,0.026807026133790317,0.01764048450919782,0.02774698299071933,0.04831288343558282,0.01960878205281682,0.05187484165188751,34657,12,15274.5,9,1748.0,3,1635.5,3,1362.0,5
image_2023-07-24_19-40-41-293153_2.png,0.5042402826855124,0.05787227139540307,0.6857280153772225,0.5334978843441467,0.06124576228305419,0.6962724344224575,0.02853952732993859,0.022356955902329126,0.029886971618892394,0.013704407975902175,0.02060112595535806,0.01372626331613003,62646,14,382914.0,8,3904.5,3,3714.0,3,7102.0,8
image_2023-07-24_19-39-26-030910_2.png,0.5283523971769287,0.054724424334849954,0.8587816455696202,0.47807301793043855,0.05539077654714974,0.7161812297734628,0.020937955975687265,0.025000935263717647,0.021206186875555314,0.010406391646278046,0.016946602672050236,0.010414460950245003,114869,15,376904.5,5,3343.0,6,2156.0,5,3310.5,12
image_2023-07-24_19-41-45-265345_1.png,0.5240764039803271,0.03942946883806983,0.6281875514121196,0.5070368474923235,0.03433115749624246,0.6894572025052192,0.4627726952850106,0.02865571741697642,0.7537826685006878,0.5201153568853641,0.03141548216276477,0.7996009753934826,4362,11,4726.5,9,5112.5,11,7055.0,10,5090.5,14
image_2023-07-24_19-41-23-463769_1.png,0.6725914477073673,0.049749442676676255,0.700751476113795,0.7137608550434201,0.04125323346588935,0.9039763113367174,0.01952635599694423,0.009693788541911602,0.020884400431414846,0.023801128349788436,0.010587570975938765,0.025696665143901325,36544,8,26491.5,4,2494.0,2,4969.5,3,2079.5,3
image_2023-07-24_19-41-23-879998_1.png,0.5610821581851625,0.042297625994465085,0.6493702323931169,0.6005898650460273,0.03910318702612116,0.762423417290674,0.34361702127659577,0.0263305762506587,0.5266099918481425,0.5116181703998325,0.028732743747777297,0.9141574714793342,8587,9,4396.0,7,7871.0,9,11259.0,9,11071.0,17
image_2023-07-24_19-41-39-597021_1.png,0.29272437599575146,0.02279456768067755,0.46210596914822266,0.6840482573726542,0.04213803240243762,0.802863436123348,0.013939328482132009,0.015583288526662327,0.014037735336004921,0.03862922555583106,0.022648801230873605,0.039639964378101016,296854,10,106198.0,6,5472.0,8,5272.0,7,7059.5,12
image_2023-07-24_19-39-03-943619_1.png,0.6742174629324547,0.05756331701141948,0.8972321183885996,0.5111524163568774,0.043828581547724454,0.8727080394922426,0.23103311782557065,0.030464624672692318,0.36110538255310376,0.45973678340397056,0.036748776378079114,0.9990305380513815,4849,6,1671.5,3,4004.0,4,3214.5,3,2354.5,4
image_2023-07-24_19-41-18-708210_1.png,0.32070806962025317,0.03521956570137762,0.5665618448637316,0.5704152695383028,0.048343817117624234,0.9729432468103828,0.08185874749961533,0.016633923406827622,0.118555935225078,0.2923156133350496,0.02511556921988012,0.9427148194271482,13462,10,2485.0,6,6848.5,8,4973.5,7,4345.0,12
image_2023-07-24_19-40-29-961064_2.png,0.39809595390204183,0.029107895218904563,0.4428651059085842,0.41785764822414034,0.02718915012038542,0.48931234465617235,0.09333403207210984,0.015618559865299787,0.10552198127740253,0.01162655913563031,0.013368282034402122,0.011654190931560676,20005,13,318689.5,8,3198.5,7,6403.0,7,6328.0,14
image_2023-07-24_19-38-31-724259_1.png,0.5441511456518826,0.034341623468326386,0.7351556842867487,0.5329495530980155,0.02992756304737113,0.8540907987375577,0.07483108745706413,0.028127250091333756,0.07781986614590489,0.014886070682015456,0.017048797015436625,0.014955157390049056,94911,17,314736.0,9,5273.5,6,4804.5,6,4743.0,13
image_2023-07-24_19-41-01-812856_1.png,0.0,0.0,0.0,0.6651785714285714,0.05965965965965966,0.680365296803653,0.00114005362183242,0.0021977355745183926,0.0011401342999575398,0.0002874960445175083,0.0005697471890241454,0.0002874988181676099,127178,7,1060222.0,6,110.0,1,178.5,1,175.0,1
image_2023-07-24_19-38-37-670571_1.png,0.1418781454117143,0.012150389729481889,0.2845790378006873,0.4755548657457706,0.0282470510687139,0.8756787653615319,0.12988525831440387,0.01966186875923028,0.16652975879321932,0.2863991081382386,0.023463865738097955,0.46447297052974146,13391,8,7528.5,5,5389.5,5,3972.0,6,2913.5,6
image_2023-07-24_19-39-47-129492_1.png,0.44542564464853407,0.03258019093387074,0.7092238470191226,0.43738787226408327,0.031530075139350515,0.7204491725768322,0.02445666916224515,0.0268758868207996,0.024472601326775457,0.3539078156312625,0.023026272899145966,0.8298872180451128,97879,11,830.5,3,2058.5,3,1541.0,3,1603.0,6
image_2023-07-24_19-41-44-950102_1.png,0.27240020558506084,0.0221038254214845,0.4038095238095238,0.5743318142628403,0.0326470886820392,0.8035498879889712,0.19472242967388598,0.02634778947368421,0.2298289945348769,0.5727736367202825,0.030746983215516697,0.8676703645007924,17017,13,4252.5,7,6012.5,11,6875.0,12,4955.5,11
image_2023-07-24_19-40-35-581733_1.png,0.7173548170527022,0.047976651512600325,0.9604494382022472,0.48224,0.03401767474407738,0.8655944859276278,0.03088791030325744,0.016909306957778026,0.032838596141713985,0.04251101321585903,0.023074295473953885,0.044675925925925924,30117,4,29503.5,3,2655.0,2,1941.5,2,1427.5,4
image_2023-07-24_19-39-52-511435_1.png,0.2031167737180162,0.017496043209512622,0.29902340722368626,0.49051833122629585,0.02841020900358331,0.6964325779672426,0.1573656011076997,0.022899091570085763,0.18343859649122807,0.005307299375197262,0.006448778380954509,0.0053605694831321575,14250,13,351199.5,5,4064.0,9,5533.0,8,3803.0,10
image_2023-07-24_19-38-26-107444_1.png,0.5632922233641658,0.03461542510078841,0.6016282473472375,0.6115719406041986,0.0316407408977239,0.7096007604562737,0.022678264683308358,0.016953465060800577,0.02292512388526354,0.04627807934513792,0.02370444119319504,0.04681966793768036,217376,11,123947.5,9,6111.0,11,9611.0,11,9321.0,17
image_2023-07-24_19-40-09-087246_1.png,0.3766809049201076,0.02547273262189414,0.5521799628942486,0.6351700609945208,0.03300537465451527,0.873099332101748,0.060438706761394935,0.019830198997136,0.06454191679990347,0.3019318181818182,0.014442454401904644,0.9925289503175196,66788,11,2327.0,2,7960.0,7,7705.5,7,7626.0,11
image_2023-07-24_19-40-03-273306_2.png,0.41714285714285715,0.02644927536231884,0.4965986394557823,0.36613844870725604,0.017886973882573442,0.6021947873799726,0.0065046928834501605,0.005385135550501015,0.00664079083025047,0.0013955981461750153,0.00241354069811806,0.0013978001833180567,35334,14,324923.0,2,718.5,2,1117.0,2,611.5,3
image_2023-07-24_19-41-29-172639_2.png,0.5499840815027062,0.05017681700347825,0.7713775396293816,0.5564678543764524,0.05204929613180412,0.7500522029651284,0.019896557697542627,0.009504163982291994,0.022361284939507717,0.03349643808016119,0.011882502345230726,0.039672731921421574,51212,10,35057.0,7,4786.5,6,4003.0,6,6257.0,14
image_2023-07-24_19-41-39-762521_2.png,0.26091336467427806,0.04321828851127736,0.5193850267379679,0.2571059431524548,0.04410705380395634,0.4874464176362523,0.012966940849793053,0.02003926887031152,0.013055174596476421,0.002339379781502594,0.004217004786870299,0.002351555940605651,120463,17,388393.0,4,1850.0,5,1326.0,7,1497.5,13
image_2023-07-24_19-38-31-496795_2.png,0.5428211586901763,0.039340970288895986,0.5918703652842625,0.5121042830540037,0.030470351424719766,0.6909547738693468,0.01046316095414063,0.0066270882231119705,0.010911688930264781,0.010457651687720025,0.006634915421251437,0.010904536719138002,64934,10,47226.5,6,1968.0,3,3144.0,3,1864.0,6
image_2023-07-24_19-40-40-496529_1.png,0.4738575545491972,0.03206530066442869,0.5500597371565114,0.5631212723658051,0.03175626436459443,0.6835595776772248,0.014717989714708444,0.016097511639212154,0.01476273113518042,0.12266973532796317,0.014584958064825076,0.15720395221943667,179836,8,6936.5,4,2557.0,3,4060.5,3,7135.0,5
image_2023-07-24_19-39-26-222954_1.png,0.3553299492385787,0.029456733669046584,0.44680851063829785,0.472588480222068,0.03808192366839089,0.526071842410197,0.014234724228775388,0.014471571641479412,0.014366994510521501,0.5884476534296029,0.032430435153341104,0.8007017543859649,138336,7,1173.5,3,1385.0,3,2555.0,3,2921.0,6
image_2023-07-24_19-39-20-804259_1.png,0.4037886340977069,0.028659377985351873,0.44578976334617504,0.6075949367088608,0.0325000445450172,0.6449787835926449,0.039656142864452744,0.020938023450586266,0.04011594803043636,0.04889509779019558,0.012425567622520938,0.05303030303030303,36109,12,6847.5,3,779.0,2,1597.0,2,1142.0,5
image_2023-07-24_19-39-58-061593_1.png,0.2294946575130336,0.025094612786060806,0.329162656400385,0.5940347324974691,0.043465749638877574,0.7510091562469233,0.22018617913451863,0.029203128866939734,0.27950178314792146,0.4228648892905558,0.027025622068710578,0.8613770250368189,18787,15,6295.0,7,8698.0,14,13002.5,15,11065.5,19
image_2023-07-24_19-40-46-642879_1.png,0.38496897264996555,0.032197606804747946,0.5009720352923583,0.3985366582051665,0.025987809390274775,0.6670832291927018,0.08591118710814032,0.01528145809811286,0.10633658286300667,0.10168882500898312,0.01583704076778869,0.13030465812293762,18768,13,12350.5,7,4735.0,6,5970.5,6,4134.0,13
image_2023-07-24_19-39-15-559405_1.png,0.5068551842330763,0.04525804353647806,0.6331281776826331,0.5908865775136206,0.045908452465703346,0.7630316597377679,0.27578215527230593,0.018680218982398994,0.8599819331526649,0.31736526946107785,0.02179318987292201,0.8412698412698413,1107,4,1071.0,2,2729.0,8,3226.5,7,2607.5,7
image_2023-07-24_19-41-18-149053_1.png,0.46522781774580335,0.033817056695864385,0.48198757763975153,0.3923154701718908,0.03359016535364903,0.4041666666666667,0.007356832856991637,0.009299058386713719,0.007383994262795825,0.8325358851674641,0.030945711617980525,0.997134670487106,69228,10,264.0,1,330.0,1,717.0,1,846.0,6
image_2023-07-24_19-38-25-789901_1.png,0.29305086591874524,0.027937500162246214,0.45131258911347816,0.5418315018315019,0.0386698734706682,0.8016475178842402,0.22984672984672985,0.038947264076130056,0.25997485608416593,0.3891276174885751,0.02988162581185837,0.667563772525158,30832,16,7972.0,9,10306.0,14,10542.5,12,8340.0,15
image_2023-07-24_19-41-34-065976_1.png,0.05225845655256228,0.005805580558055806,0.0978013646702047,0.5072196620583718,0.037272409161201475,0.7028522775649212,0.18648271585800652,0.02634143137104632,0.23602118893466745,0.4719215155615697,0.03169158071697942,0.7775919732441472,5097,6,1819.0,4,2067.5,6,2193.5,5,1875.0,9
image_2023-07-24_19-39-26-030910_1.png,0.44593687038280727,0.026060293865136017,0.6925684485006519,0.4758454106280193,0.02521091127452428,0.8089071383449147,0.06180231812155169,0.01313343846143359,0.07207342012070428,0.17816534154056596,0.01994220206311841,0.23145268769435806,20049,10,14693.5,6,4462.0,5,3420.0,6,3221.5,7
image_2023-07-24_19-40-14-449047_1.png,0.31953833470733717,0.023398873521723644,0.4186649384316267,0.4978559176672384,0.028208367753535156,0.6428571428571429,0.05356466659781748,0.016531120684617876,0.05714075869413536,0.07873063142710902,0.018713812496889328,0.0854157201272149,52678,17,18593.5,8,2681.5,7,4005.0,5,3579.0,16
image_2023-07-24_19-40-03-457870_1.png,0.24777904328018224,0.01972772922546786,0.38426212134593307,0.6566336971350614,0.035114437683386415,0.8710553104852392,0.014714912144686816,0.01767870582186422,0.014740007393301916,0.08924574209245742,0.015811639746358536,0.10731421884142774,655247,16,34376.5,4,9182.5,10,9963.5,11,10462.5,20
image_2023-07-24_19-39-47-684319_1.png,0.6011737688185762,0.03857678515874445,0.6803349696794687,0.6647310513447433,0.03585617962709573,0.825426944971537,0.04117173344070868,0.016705241660993873,0.043484424283233514,0.4123287671232877,0.020067502812617193,0.9176829268292683,33891,12,1071.5,3,2570.5,3,3386.0,5,2350.0,4
image_2023-07-24_19-41-13-256119_1.png,0.40819502074688796,0.03074759235021781,0.6293482606957217,0.33124018838304553,0.020851450707565816,0.8047292143401983,0.014706471648968142,0.009946068999159868,0.015383003248454364,0.008805425913286232,0.013475427576634436,0.008807185974925351,49748,10,336400.0,4,2393.5,7,2042.0,6,1228.5,9
image_2023-07-24_19-39-04-512082_2.png,0.6931106471816284,0.05298858830101349,0.7918902802623733,0.6211844508218106,0.047632384419949186,0.7730519480519481,0.07833072974782415,0.024830220713073003,0.08669877732493517,0.12938816449348045,0.026736758803911593,0.15337224383916992,19668,12,8712.5,2,2646.5,6,2867.0,4,2788.0,8
image_2023-07-24_19-40-46-642879_2.png,0.6169675944177245,0.04566529816667688,0.7724580454096742,0.6694191343963554,0.04151363186890804,0.9780890306476216,0.056130573248407645,0.013720513465078374,0.06790453767123288,0.10316372921467273,0.018527528451192574,0.13226076889296978,52622,10,43466.0,7,9411.5,7,9255.0,6,7536.0,12
image_2023-07-24_19-40-51-746818_1.png,0.47844827586206895,0.047188861728132636,0.9288702928870293,0.2345679012345679,0.0425531914893617,0.32006125574272587,0.01072961373390558,0.012196311835301005,0.011034604519774012,0.024363749224084418,0.020490733489950404,0.025511862203444913,14767,13,5835.0,3,419.0,1,205.5,1,551.0,4
image_2023-07-24_19-41-39-969088_1.png,0.28343465045592703,0.021336841804193003,0.33111407012871724,0.4258496395468589,0.023861390423705584,0.5030413625304136,0.027445642176520364,0.01579253770838846,0.027833743750466385,0.5466573816155988,0.022830054239555614,0.7162408759124088,31795,13,919.0,2,944.5,2,2056.0,2,1464.0,2
image_2023-07-24_19-41-29-172639_1.png,0.7123893805309734,0.043740095087163235,0.8839926791496551,0.6485629985793903,0.04134476729200482,0.8363866967305524,0.1046964766381423,0.017401814302742156,0.13359306915466243,0.31348532621877273,0.018278691712363397,0.9098908834917283,21591,12,4929.5,7,7367.5,5,6589.0,5,8671.0,13
image_2023-07-24_19-40-13-888232_1.png,0.5797211112312183,0.0352307439645262,0.7362712795167491,0.5287343084187492,0.030292633037511136,0.7723755047106325,0.02116889093419236,0.022631729860753128,0.021175594409080113,0.3530161427357689,0.02197133943207657,0.6144177449168207,349227,12,6071.0,8,6773.5,6,6618.5,6,5276.5,11
image_2023-07-24_19-41-13-454766_1.png,0.47255991663772146,0.047177744449549634,0.8673892253745616,0.5378151260504201,0.05004039719565274,0.9955063947459385,0.009388391348929284,0.011429602236853973,0.009602269627366468,0.025762858640413847,0.0229665557784606,0.026700204296123096,168945,6,87007.5,5,4986.5,3,2842.0,2,2573.5,2
image_2023-07-24_19-38-47-806675_1.png,0.6216271463614064,0.044829365371858186,0.8804284887087435,0.4715649647156496,0.03370244832266534,0.8701646878590579,0.2009132420091324,0.013550817443297265,0.9884931506849315,0.23058035714285716,0.0155046904315197,0.9990328820116054,1825,6,1701.0,4,7995.0,10,5975.0,10,4731.0,17
image_2023-07-24_19-40-08-534942_1.png,0.14620180684565467,0.014963860128931432,0.21144644828855355,0.47847579814624097,0.030618162646632398,0.6445615982241953,0.1345198991673669,0.022093417140276263,0.15614470650824613,0.295934023782125,0.020394002075086407,0.4847628023876846,11278,10,2696.0,4,2738.5,7,4584.5,7,4103.0,11
image_2023-07-24_19-39-04-126800_2.png,0.5726541554959785,0.07187563093074904,0.9352014010507881,0.42015579357351507,0.05811056494512154,0.7664298401420959,0.024659954071718778,0.02502330250233025,0.025650448331618402,0.004685841682631013,0.008565806933788875,0.004691901790876189,29492,12,366728.5,11,1663.5,1,1005.5,1,941.5,2
image_2023-07-24_19-40-57-033167_2.png,0.5075486381322957,0.045032728477918636,0.6477949940405244,0.46757246376811595,0.03603666496792164,0.7483328501014787,0.09802627632131501,0.021297533318127015,0.11969819060874662,0.32260371959942774,0.025312548232751968,0.6574344023323615,17051,18,2126.5,6,3846.5,7,4640.5,7,3126.5,13
image_2023-07-24_19-39-53-001617_1.png,0.524822695035461,0.062307591106433365,0.729064039408867,0.6190959878110716,0.06457764945832119,0.8884839650145773,0.031337047353760444,0.023287145674033494,0.0331917491161584,0.010220253396175742,0.016833969326495394,0.01022535344349038,45002,12,342084.5,6,3249.5,5,2893.0,4,3142.0,8
image_2023-07-24_19-40-56-855310_1.png,0.5430025445292621,0.044236099594892324,0.7631552058853581,0.5337160352085725,0.04144403302209199,0.8107196837577026,0.31527896995708155,0.022140710757202663,0.9451878538342768,0.4686476957945102,0.03343514193316565,0.9214391813830665,3886,8,6258.0,8,10096.0,9,8847.5,10,7549.5,13
image_2023-07-24_19-41-07-823796_1.png,0.43437806072477964,0.03546368670411611,0.606703146374829,0.5747126436781609,0.0439051648439371,0.7110536522301228,0.014914856136230182,0.010435497124075595,0.015577088188396909,0.003799916158433515,0.006534617777183486,0.0038043275918674038,29422,12,324968.5,5,1159.5,3,1224.5,4,1840.5,9
image_2023-07-24_19-40-08-878660_1.png,0.23413566739606126,0.02673663168415792,0.2431818181818182,0.16423841059602648,0.029811275393677124,0.16423841059602648,0.000367350808171778,0.0007185989638266554,0.000367350808171778,0.0006941489957231465,0.0013319011815252416,0.0006941489957231465,409045,13,210639.0,7,75.0,1,386.0,1,778.5,6
image_2023-07-24_19-38-31-724259_2.png,0.6055837563451777,0.03630627523382499,0.7770299609205384,0.5227150296282995,0.02968182026745247,0.809285515707534,0.0395749358739465,0.009118198874296435,0.047070217917675544,0.003115934243042871,0.000806769444766431,0.003762162162162162,24296,14,21386.5,1,4257.0,7,4165.5,5,3338.5,9
